"_QUANTITY_";"_MODEL_";"_MANUFACTURER_"
0;"EC26BF4";
0;"EC28BF4";
998;"BG 6785";
998;"BG 6786";
998;"88357-24 mix";
998;"BG 6737";
998;"88703-26";
998;"88703-28";
998;"BG 8650";
998;4724;
998;"BG 6813";
998;"BG 6462";
998;"VC-4449-24 mix";
998;"a4258MR";
998;"88358-24";
998;"88358-26";
998;"88358-28";
998;"88335-22";
998;"88335-24";
998;"88356-24 mix";
998;"a4257MR";
998;"88356-26 mix";
998;"88356-28 mix";
998;"a4255MR";
998;"88340-20";
998;"88340-22";
998;"88340-28";
998;"88342-20R";
998;"88342-22 R";
998;"88345-20 S";
998;"88345-22 S";
998;"88701-22";
998;"BG 8634";
998;"88702-26";
998;"88702-28";
998;"BG 6997";
998;"BG 6996";
998;"CB-4267";
998;"CB-4247";
998;"KH 1779";
998;"a0609INKER";
998;"a0603INKER";
998;"a0610INKER";
998;"CB-4222";
998;"a0601";
998;"WB 2215";
998;"WB 2307";
998;"WB 2308";
998;"WB 2453";
998;"V88121";
998;"V88272";
998;"V88274";
998;"V88273";
998;"25-45-049";
998;"25-27-008";
998;"25-27-009";
998;"V69478";
998;"V88111";
998;"WB 6712";
998;"V88040";
998;"V69446";
998;"V69427";
998;"V88120";
998;"V88124";
998;"V88125";
998;"V89411";
998;"V89412";
998;"СО-24П";
998;"26071ПС";
998;"2607ПС";
998;"2807ПС";
998;"А301";
998;"А302";
998;"1804ПС";
998;"2212П";
998;"2204П";
998;"А201";
998;"2207П";
998;"2004П";
998;"2004ПС";
998;"2204ПС";
998;"2409П";
998;"24091ПС";
998;"2407П";
998;"24071ПС";
998;"2404П";
998;"2408П";
998;"2208П";
998;"22084П";
998;"0122Б";
998;"2008П";
998;"2409ПС";
998;"2609П";
998;"26071П";
998;"2607П";
998;"2604П";
998;"2604ПС";
998;"0526С";
998;"0326Б";
998;"0126Б";
998;"3002П";
998;"2803П";
998;"2803ПС";
998;"28071П";
998;"2807П";
998;"2804П";
998;"2804ПС";
998;"0328Б";
998;"3203П";
998;"1026Б";
998;"1028Б";
998;"a4276GR";
998;"CB-4286";
998;"CB-4246";
998;"CB-4226";
998;"CB-4184";
998;"CB-4284";
998;"Kitchen Art";
998;"WB 2303";
998;70003;
998;70004;
998;99006;
998;99026;
0;6242666;
0;6242615;
0;6242609;
0;6127207;
0;6127204;
0;6242669;
0;6246827;
0;6246826;
0;6223007;
0;6223014;
0;6223009;
0;6246825;
0;6246828;
0;6258281;
0;6258274;
0;6258272;
0;6242006;
0;6242007;
0;6250843;
0;6237903;
0;6232476;
0;6232450;
0;6232451;
0;6232452;
0;6233349;
0;6233343;
0;6233342;
0;6182882;
0;5436284;
0;6258282;
0;6242009;
0;6182819;
0;6233339;
0;6233350;
0;6232473;
998;"5708AU";
998;"5709AU";
998;"5710AU";
998;"5711AU";
998;"5712AU";
998;"5713AU";
998;"5715AU";
998;"705AU";
998;"WB 1779 BN";
998;"WB 2300";
998;"WB 2352";
998;"WB 2353";
998;"WB 2354";
998;"WB 2355";
998;"WB 2456";
998;"a0616";
998;10023002;
998;10023003;
998;10023004;
998;"PH 15410-32";
998;"PH 15402-26";
998;"PH 15402-24";
998;"BL 1234";
998;"CR 6604 ";
998;88361;
998;"88359-24";
998;"88359-26";
998;"88360-24-169076";
998;"88360-26-169077";
998;"5716AU";
998;"5717AU";
998;"5719AU";
998;"5720AU";
998;"5707AU";
998;"CB-4187";
998;"CB-4207";
998;"CB-4227";
998;"a4240A";
998;"a4244A";
998;"a4244";
998;"a4284";
998;"a4288";
998;"a0607IND";
998;"a0608IND";
998;"a4259";
998;"88471-26";
998;4728;
998;"88703-24";
998;"WB 7477";
998;"BG 8649";
998;"VC-4448-24 mix";
998;"VC-4448-28 mix";
998;"VC-4449-26 mix";
998;"VC-4449-28 mix";
998;"a4252MR";
998;"88471-24";
998;"BG 6646";
998;"CB-4202";
998;"CB-4242";
998;"a4264MR";
998;"a4268MR";
998;"25-27-010";
998;"26-158-035";
998;"a4253MR";
998;"V89413";
998;"V69434";
998;"V69451";
998;"V89400";
998;"V88054";
998;"BG 6719-ВК";
998;"V88275";
998;"V69428";
998;"V69426";
998;"V69445";
998;"V69425";
998;"V89460";
998;"V88122";
998;"V89461";
998;"V88123";
998;"V89462";
998;"V89422";
998;"V89464";
998;"V89467";
998;"V89465";
998;"V69450";
998;"V89407";
998;"V89414";
998;"V89410";
998;"V89466";
998;"А241";
998;"2407БК";
998;"А283";
998;"2407ПС";
998;"А261";
998;"А263";
998;"А265";
998;"А281";
998;"А323";
998;"2207БК";
998;"2204БК";
998;"А223";
998;"2007П";
998;"2209П";
998;"22091ПС";
998;"2209ПС";
998;"А203";
998;"2404БК";
998;"2604БК";
998;"0528С";
998;"А304";
998;"А363";
998;"WB 2066";
998;"a4272GR";
998;"a4273GR";
998;"a0612INKER";
998;"a4275GR";
0;"a4277GR";
998;"2607-д";
998;"2407-д";
998;"2804-д";
998;"2204-д";
998;"WB 2304";
998;"00014SHTF";
998;"00018SHTF";
998;70002;
998;70012;
998;70013;
998;80098;
998;80101;
998;80103;
998;80105;
998;80114;
998;80115;
998;80200;
998;80201;
998;80203;
998;80204;
998;80207;
998;80214;
998;84170;
998;99000;
998;99003;
998;99010;
998;99011;
998;99029;
998;99030;
998;"5714AU";
998;"a0620MR";
998;"a0605INKER";
998;"a4201B";
998;"a4127SKER";
998;"a0633KER";
998;"a4231C";
998;"М-2025";
998;"М-9934";
998;"29-249-003";
998;"29-249-006";
998;"29-249-007";
998;"BL-1553 N";
998;"PH 15451-28";
998;"PH 15402-28";
998;"PH 15469";
998;"PH 15468";
998;"PH 15466";
998;"PH 15447-30";
998;"PH 15358-26";
998;"PH 15358-28";
998;"TS-1254";
998;"VC-4452-20 mix";
998;"VC-4451-24 mix";
998;"VC-4452-24 mix";
998;"VC-4453-24 mix";
998;"VC-4454-24 mix";
998;"VC-4451-26 mix";
998;"VC-4453-26 mix";
998;"VC-4454-26 mix";
998;"VC-4442-28 mix";
998;"VC-4443-28";
998;"VC-4451-28 mix";
998;"VC-4452-28 mix";
998;"VC-4453-28 mix";
998;"VC-4454-28 mix";
998;"88350-28";
998;"88359-28";
998;"a4248A";
998;"a4248";
0;"a0617";
0;"BG 6787";
0;"GRABF18";
0;"BG 8653";
0;"GRABF22";
0;"GRABF30";
0;"BG 6738";
0;"GRABF24";
0;"SE20BF7";
0;"SE24BF7";
0;"SE28BK7";
0;"88351-24 mix";
0;"4J19624";
0;"4J19628";
0;"4J12924";
0;"4J12926";
